member_id,full_name,gender,phone,email,membership_type,join_date
1,Alexander Hill,Male,0305614226,donaldgarcia@example.net,Quarterly,2025-09-03
2,Javier Johnson,Male,0312719583,jesseguzman@example.net,Monthly,2023-08-06
3,Kimberly Robinson,Female,0301499914,lisa02@example.net,Monthly,2024-04-07
4,Daniel Gallagher,Male,0319478454,daviscolin@example.com,Monthly,2024-10-23
5,Nicholas Herrera,Male,0334698379,smiller@example.net,Weekly,2024-11-08
6,Laura Bush,Female,0303678638,stanleykendra@example.org,Weekly,2025-07-25
7,Jamie Chavez,Female,0323608513,francisco53@example.net,Quarterly,2023-10-20
8,Maria Lynch,Female,0302556017,amandasanchez@example.com,Weekly,2024-02-20
9,Mark Hawkins DDS,Male,0326770619,perezantonio@example.com,Annual,2024-03-15
10,Thomas Bradley,Male,0339996414,jason76@example.net,Monthly,2024-05-17
11,Danielle Hoffman,Female,0305918715,julie69@example.com,Annual,2024-02-01
12,Mr. Johnny Campos PhD,Male,0301768805,courtneyconner@example.com,Quarterly,2024-10-15
13,Linda Mcdonald,Female,0304905582,tasha01@example.net,Monthly,2025-08-26
14,Patricia Peterson,Female,0328606962,ryan70@example.net,Annual,2025-08-17
15,Jonathan White,Male,0326960453,harrellkenneth@example.net,Quarterly,2024-07-09
16,Jacqueline Martin,Female,0303871230,georgetracy@example.org,Quarterly,2025-10-14
17,Ronald Parker,Male,0337366205,allenashley@example.org,Annual,2023-04-04
18,Benjamin Hodges,Male,0321938483,davidalvarez@example.net,Quarterly,2023-06-30
19,Lawrence Brandt,Male,0327730428,jenniferross@example.net,Annual,2024-12-12
20,Joseph Martinez,Male,0316279418,calebsmith@example.net,Quarterly,2023-09-09
21,Andrea Welch,Female,0338698256,carlosjohnson@example.com,Quarterly,2023-03-19
22,Maureen Lewis,Female,0315137722,jenniferkhan@example.net,Annual,2024-06-01
23,Rhonda Lee,Female,0337073292,hopkinsmichael@example.com,Quarterly,2024-05-26
24,Michael Joyce,Male,0332525206,brownjessica@example.org,Monthly,2023-09-30
25,Jerry Henderson,Male,0313684052,steven17@example.net,Weekly,2023-04-18
26,Joshua Smith,Male,0337402509,housemelinda@example.org,Weekly,2024-03-21
27,Sharon Barrera,Female,0302921859,nicholasgalloway@example.com,Annual,2025-10-11
28,Dominique Horton,Female,0305924115,smoore@example.org,Weekly,2025-11-26
29,Joshua Adkins,Male,0331054447,williamsthomas@example.net,Annual,2023-06-22
30,Mr. Cody Larson,Male,0306007072,richarddavid@example.net,Quarterly,2023-09-27
31,Manuel Barnes,Male,0323710343,sarah35@example.org,Monthly,2023-10-18
32,Maria Bryant,Female,0331326765,smithchristine@example.net,Monthly,2025-12-26
33,Christy Baker,Female,0325017343,nicole35@example.com,Monthly,2023-06-22
34,Michael Carr,Male,0302437026,contrerasangela@example.net,Weekly,2023-04-24
35,Dennis Preston,Male,0313154051,josephjacobs@example.net,Weekly,2024-01-11
36,Samuel Wagner,Male,0329852897,rebecca01@example.net,Weekly,2024-04-08
37,Aaron Wise,Male,0316229731,evan78@example.net,Weekly,2024-04-13
38,Angela Ware,Female,0339683481,amydavenport@example.net,Weekly,2024-08-28
39,Andrew Diaz,Male,0314769795,nolanjason@example.org,Monthly,2024-12-31
40,Kristin Baxter,Female,0304860684,sarayoung@example.org,Quarterly,2025-12-04
41,Stanley Johnson,Male,0301987737,kimberly63@example.com,Quarterly,2023-06-24
42,James Williams,Male,0306543670,dwalker@example.com,Monthly,2023-12-01
43,Darren Johnson,Male,0329143903,raymondramirez@example.org,Quarterly,2025-11-24
44,Martin Ross,Male,0335076817,sheila14@example.org,Weekly,2024-09-27
45,Amanda Carlson MD,Female,0312582524,samuel81@example.com,Monthly,2025-09-11
46,Amanda Graham,Female,0328106470,michaeljones@example.net,Weekly,2025-10-05
47,Mary Martinez,Female,0302651177,william65@example.com,Monthly,2025-02-02
48,Cheryl Ortega,Female,0322833230,lbyrd@example.net,Quarterly,2024-09-15
49,Roy Torres,Male,0319997381,russellcarpenter@example.net,Weekly,2023-12-19
50,Michael Dixon,Male,0334078418,donnacampbell@example.net,Annual,2024-11-24
51,Sabrina Potter,Female,0312264748,jeffrey32@example.org,Weekly,2023-02-20
52,Logan Mack MD,Male,0301247595,jennifercruz@example.com,Monthly,2023-09-25
53,Aaron Potter,Male,0317818496,osbornejeffery@example.net,Weekly,2024-07-21
54,Danielle Charles,Female,0317728339,danderson@example.net,Monthly,2024-08-04
55,Evan Fischer,Male,0331036161,usalazar@example.net,Weekly,2024-04-12
56,Jill Moore,Female,0335785687,wcole@example.org,Weekly,2025-07-08
57,Paula Washington,Female,0314185957,joshuajones@example.com,Annual,2023-09-14
58,Steven Miller,Male,0302022698,jessebenson@example.net,Annual,2023-08-23
59,Gary Owens,Male,0308999183,clarkrobert@example.net,Quarterly,2025-11-01
60,Spencer Johnston,Male,0304117625,wsmith@example.com,Monthly,2025-04-05
61,Troy Barnes,Male,0317774229,tracynelson@example.com,Monthly,2023-02-01
62,Michael Powell,Male,0302375453,marycalhoun@example.net,Weekly,2024-08-07
63,Leslie Alvarado,Female,0324426900,dayderek@example.com,Annual,2023-07-18
64,Garrett Gibson,Male,0327640184,kathleen64@example.com,Quarterly,2023-10-04
65,Alicia Ryan,Female,0336304573,jeffrey10@example.org,Monthly,2025-11-05
66,Alex Hernandez,Male,0332677407,thomaswilson@example.org,Monthly,2024-05-24
67,Jacob Obrien,Male,0323222252,stricklandfrank@example.com,Annual,2023-04-29
68,Eric Byrd,Male,0317199635,tsanders@example.org,Annual,2023-03-25
69,Mark Garcia,Male,0336075395,melissa91@example.net,Monthly,2025-05-06
70,Jessica Wood,Female,0303253031,alexander67@example.org,Annual,2024-04-19
71,Steven Stevens,Male,0303607983,ryangross@example.net,Annual,2023-10-23
72,Kimberly Webb,Female,0316752576,lpetersen@example.com,Quarterly,2023-12-19
73,Taylor Ramirez,Female,0335213115,dsanchez@example.net,Monthly,2024-10-30
74,Allen Rosales,Male,0335641923,tonykelly@example.com,Monthly,2024-01-08
75,Michael Hill,Male,0323194789,blackjames@example.org,Annual,2025-02-27
76,Peter Vaughn,Male,0338175395,bwest@example.org,Monthly,2023-11-19
77,David Beck,Male,0303500715,thomas85@example.com,Monthly,2025-12-27
78,Heather Chavez,Female,0318210624,john13@example.com,Quarterly,2023-05-11
79,Philip Lopez,Male,0327117837,joannahill@example.net,Monthly,2025-12-05
80,Diane Garcia,Female,0315186414,kennethward@example.com,Monthly,2023-01-16
81,Denise Mccann,Female,0333592974,heidi27@example.org,Quarterly,2025-08-13
82,John Alexander,Male,0317917152,tammyking@example.com,Monthly,2023-05-05
83,John Ray,Male,0327907400,hernandezlisa@example.com,Quarterly,2023-04-04
84,Kristin Butler,Female,0312813543,kimberlyjames@example.com,Weekly,2023-11-22
85,Jeffrey Carroll,Male,0334731818,lynchjody@example.org,Quarterly,2024-11-15
86,Angela Allen,Female,0326120253,moorericky@example.net,Quarterly,2024-10-12
87,David Mann,Male,0304240180,ojones@example.com,Weekly,2025-05-12
88,Mary Peck,Female,0322164686,owilson@example.net,Annual,2023-06-13
89,Brenda Brown,Female,0339996207,brooke94@example.com,Annual,2023-05-17
90,Michael Bender,Male,0305382463,mkim@example.org,Quarterly,2025-08-31
91,Lindsey Johnson,Female,0302818692,suzannehuff@example.net,Weekly,2024-10-04
92,Pamela Underwood,Female,0328321474,hinesgregory@example.net,Monthly,2024-12-14
93,Catherine Richards,Female,0315273534,ecosta@example.com,Monthly,2024-03-23
94,Ashley Martin,Female,0309722815,ssteele@example.net,Quarterly,2025-10-31
95,Krista Gibson,Female,0332173965,johnny16@example.net,Annual,2025-06-22
96,Sheila Murray,Female,0306038571,lopezmichael@example.com,Annual,2024-11-15
97,Christina Dunn,Female,0327751158,samuel71@example.org,Annual,2025-12-01
98,David Moore,Male,0318053918,tranchristopher@example.org,Weekly,2024-05-20
99,Ronnie Jimenez,Male,0327812810,william46@example.com,Monthly,2025-12-09
100,Kristen Reyes,Female,0324526280,michellehill@example.com,Weekly,2024-01-08
